method,roc_auc,f1
SMOTE,0.770622763149041,0.5011454753722795
ADASYN,0.7659700485221209,0.49337175792507204
Borderline-SMOTE,0.7679624378877427,0.5001383125864454
Class Weights,0.7800462535374355,0.532890365448505
Threshold Moving,0.7821053215912774,0.5378111789572569
