method,roc_auc,f1,sra,sra_std
SMOTE,0.770622763149041,0.5011454753722795,0.9952173338618048,0.002216288387894201
ADASYN,0.7659700485221209,0.49337175792507204,0.9941390005599281,0.002747391515090568
Borderline-SMOTE,0.7679624378877427,0.5001383125864454,0.9931739111287268,0.0028150517585721043
Threshold Moving,0.7821053215912774,0.5378111789572569,0.9854016068046983,0.007253385139505362
Class Weights,0.7800462535374355,0.532890365448505,0.9844063190079836,0.007644960671743442
